Site_ID,IGBP,LAT,LON,Vegetation_Type,Disturbance_Type,Disturbance_Year,Intensity,Notes,Source,Batch_File,Has_Disturbance,Disturbance_Class,Intensity_Class,Year_First
AT-Mmg,ENF,~47.6,~14.9,"Subalpine/montane spruce-dominated conifer forest, Austria (likely SE Alps)",None documented,,,"Limited web documentation. Site code suggests Austrian alps ENF, likely managed Norway spruce. No specific disturbance events found.",FLUXNET metadata,batch1_AT_AU_BE_BR_CA.md,No,None documented,Unknown,
AT-Nsd,WET,~47.5,~14.5,Austrian peatland/wetland (likely lowland bog or fen),None documented,,,Limited web documentation. WET IGBP classification. No disturbance events retrieved.,FLUXNET metadata,batch1_AT_AU_BE_BR_CA.md,No,None documented,Unknown,
AT-Zoe,MF,~47.8,~14.4,"Mixed forest (Fagus sylvatica / Picea abies), Zöbelboden LTER, Upper Austria, ~900 m elevation",Acid rain / chronic N-deposition (ongoing),1970s–present,"Low–partial; physiological stress, not stand-replacing","Zöbelboden is an Austrian LTER site tracking acid rain recovery since the 1970s. Beech-spruce mixed forest, no stand-replacing mechanical disturbance documented.",LTER Austria; DEIMS-SDR,batch1_AT_AU_BE_BR_CA.md,Yes,Other/Unknown,Stand-replacing,1970
AU-APL,WET,−36.7,147.2,"Alpine Sphagnum peatland; Bogong High Plains, Victoria; dominated by Sphagnum cristatum, candle heath, rope rush",None documented,,,"Established 2017. Intact ombrotrophic peatland classified as endangered ecological community by Parks Victoria. Snow cover 2–3 months/yr. No logging, fire, or drainage disturbance.",OzFlux Alpine Peatland,batch1_AT_AU_BE_BR_CA.md,No,None documented,Unknown,
AU-ASM,SAV,−22.28,133.25,"Mulga savanna woodland (Acacia aneura); average canopy height 6.5 m; Pine Hill cattle station, NT",Drought variability,Recurrent,Low–moderate; episodic dieback,"Located on working cattle station ~200 km N of Alice Springs. Mean annual precip ~300 mm, highly variable (100–750 mm range). No stand-replacing fire or logging. Significant inter-annual variability from drought; Mulga can experience episodic die-off after extreme droughts. Station established 2010.",OzFlux Alice Springs,batch1_AT_AU_BE_BR_CA.md,Yes,Drought/Climate,Low,
AU-Cpr,WSA,−34.0,140.6,"Mallee eucalyptus woodland (Eucalyptus dumosa/incrassata/oleosa/socialis) with spinifex; Calperum, South Australia",Fire (prescribed/natural),Jan 2014 (most recent documented),"Low–moderate; spinifex and leaf litter burned, epicormic resprouting; not stand-replacing",Fire is natural and essential disturbance in Mallee ecosystems. Jan 2014 fire burned spinifex ground cover and canopy leaf/branch material; trees resprout vigorously. Site established ~2010. Highly variable rainfall 100–500 mm.,OzFlux Calperum; TERN 2014 newsletter,batch1_AT_AU_BE_BR_CA.md,Yes,Fire,Stand-replacing,2014
AU-Fle,WSA,−19.9,146.6,"Savanna woodland, Fletcherview station, Queensland; likely Eucalyptus- or Acacia-dominated open woodland",No specific disturbance documented,,,"Limited documentation retrieved. WSA savanna, typical of NE Queensland dry tropics. Fires are likely recurrent in surrounding landscape but no site-specific event records found.",OzFlux network,batch1_AT_AU_BE_BR_CA.md,Yes,Other/Unknown,Unknown,
AU-How,WSA,−12.49,131.15,"Tropical savanna; Eucalyptus miniata / E. tetrodonta co-dominant overstory; 14–16 m canopy; Black Jungle Conservation Reserve, Darwin NT",Fire (recurrent natural cycle),Annually to every 1–3 years,"Low–moderate (dry-season surface fire, grass-layer combustion); stand persists","Primary research focus is fire impacts on carbon, water, and energy fluxes. Howard Springs has a fire return interval of 1–3 years; fire is the principal mechanism of carbon loss in this tropical savanna. Tower established 2001.",OzFlux Howard Springs; TERN Australia,batch1_AT_AU_BE_BR_CA.md,Yes,Fire,Low,
BE-Bra,ENF,51.31,4.52,"Scots pine (Pinus sylvestris) plantation on former heathland; ~2 ha research zone in mixed coniferous/deciduous forest; Brasschaat, 20 km NE of Antwerp",Drought stress,2018,"Low–moderate; physiological stress, reduced NEE",First-generation Scots pine plantation established 1929 on former heathland (Campine plain). Active ICOS Class 1 station since 2020. Drought 2018 caused significant flux anomalies documented in published data. No stand-replacing logging or fire.,ICOS BE-Bra; ICOS Belgium,batch1_AT_AU_BE_BR_CA.md,Yes,Drought/Climate,Low,2018
BE-Lcr,DBF,51.11,3.85,"Short-rotation coppice (SRC) poplar plantation; 11 ha; 12 genotypes; Lochristi (~11 km from Ghent), E. Flanders",Coppice harvest (stand-replacing for the cut cohort),Feb 2012 (first cut); Feb 2014 (second cut),Stand-replacing within coppice rotation (~2 yr),"Planted April 2010 on agricultural land. 8,000 trees/ha. Harvested to stump Feb 2012 (2-yr rotation); subsequent regrowth and second cut 2014. Each harvest removes entire above-ground biomass; belowground persists. No fertilization or irrigation.",ICOS BE-Lcr; Lochristi site info,batch1_AT_AU_BE_BR_CA.md,Yes,Forest management/Harvest,Stand-replacing,2012
BE-Maa,CSH,50.98,5.63,"Heathland (dwarf shrubs — Calluna vulgaris, Erica spp.); Hoge Kempen National Park, Maasmechelen",None documented,,,Europe's first heathland ICOS station. Hoge Kempen NP; heathland is managed by occasional mowing/grazing to maintain open heath structure. No stand-replacing disturbance documented. ICOS Class 2 candidate.,ICOS Belgium; Maasmechelen site metadata,batch1_AT_AU_BE_BR_CA.md,No,None documented,Unknown,
BE-Vie,MF,50.31,5.99,"Mixed forest: beech (Fagus sylvatica), Douglas fir (Pseudotsuga menziesii), Norway spruce, Scots pine; Vielsalm, Ardennes, Belgium",Management thinning (partial),Every ~6 years (recurrent),Partial; selective thinning removes sub-dominant stems,"Oldest Belgian flux tower, established 1996. ICOS ecosystem station. Thinning every 6 years maintains stand structure. No windthrow or bark-beetle stand-replacing event documented. Tower replaced from 40 m scaffolding to 52 m pylon in 2009.",ICOS Vielsalm; ICOS Belgium,batch1_AT_AU_BE_BR_CA.md,Yes,Forest management/Harvest,Partial,
BR-ITA,EBF,−3.0,−59.9,Tropical evergreen broadleaf forest (EBF); likely lowland Amazon terra firme,Limited info,,,"Brazilian EBF site; site name ""ITA"" potentially refers to Itajaí/Itacoatiara or similar Amazonian region. No specific disturbance event documented in available sources. Site likely represents intact or near-intact primary tropical forest.",FLUXNET metadata; no web source found,batch1_AT_AU_BE_BR_CA.md,Yes,Other/Unknown,Unknown,
CA-ARB,WET,52.5,−84.0,"Northern peatland bog; Attawapiskat River, Ontario; Boreal Zone",None documented,,,"Pristine northern bog established as part of Ontario Ministry of Environment & Climate Change Far North carbon flux monitoring network. Remote boreal peatland, no logging or fire.",AmeriFlux CA-ARB,batch1_AT_AU_BE_BR_CA.md,No,None documented,Unknown,
CA-ARF,WET,52.5,−84.0,"Northern peatland fen; Attawapiskat River, Ontario; Boreal Zone",None documented,,,Companion fen site to CA-ARB. Pristine northern fen; Far North monitoring network. No disturbance documented.,AmeriFlux CA-ARF,batch1_AT_AU_BE_BR_CA.md,No,None documented,Unknown,
CA-CF3,WET,~50,~−110,Canadian peatland (likely black spruce/Sphagnum bog or fen),None documented,,,Limited web documentation. WET IGBP. No disturbance info retrieved.,FLUXNET metadata,batch1_AT_AU_BE_BR_CA.md,No,None documented,Unknown,
CA-DB2,WET,49.13,−123.0,"Burns Bog secondary measurement site; Delta, BC; raised ombrotrophic bog",Historical peat extraction + management,20th century,Partial; peat was harvested in portions of the bog complex; main bog core remains largely intact,Burns Bog (Delta Burns Bog) is one of the largest raised bogs in North America. Peripheral areas have history of peat extraction and fire; the flux tower area is within conservation zone. Rewetting ongoing.,AmeriFlux CA-DB2; UBC thesis,batch1_AT_AU_BE_BR_CA.md,Yes,Other/Unknown,Partial,
CA-DBB,WET,49.13,−123.0,"Burns Bog primary measurement site; Delta, BC; raised ombrotrophic bog",Historical peat extraction + management,20th century,Partial; core bog protected; surrounding peat farm areas degraded,"Burns Bog had extensive peat harvesting on ~2,100 ha in the 20th century; conservation purchase 2004; active rewetting of cut-over areas. Tower site within the conservation zone monitoring carbon exchange.",AmeriFlux CA-DBB; UBC research,batch1_AT_AU_BE_BR_CA.md,Yes,Other/Unknown,Partial,
CA-DSM,WET,~54,~−116,"Canadian northern peatland (likely black spruce WET site, Alberta or BC)",None documented,,,Limited documentation. WET classification. No disturbance info retrieved.,FLUXNET metadata,batch1_AT_AU_BE_BR_CA.md,No,None documented,Unknown,
CA-KLP,WET,~52,~−104,"Canadian northern peatland (likely bog or fen, Saskatchewan/Manitoba region)",None documented,,,Limited documentation. WET classification. No disturbance info retrieved.,FLUXNET metadata,batch1_AT_AU_BE_BR_CA.md,No,None documented,Unknown,
CA-LU1,OSH,~50,~−97,Open shrubland (OSH); likely subarctic/boreal shrub tundra transition or regenerating post-fire shrubland,None documented,,,Limited documentation. OSH IGBP. No disturbance info retrieved.,FLUXNET metadata,batch1_AT_AU_BE_BR_CA.md,No,None documented,Unknown,
CA-LU2,OSH,~50,~−97,Open shrubland (OSH); companion site to CA-LU1,None documented,,,Limited documentation. OSH IGBP. No disturbance info retrieved.,FLUXNET metadata,batch1_AT_AU_BE_BR_CA.md,No,None documented,Unknown,
CA-Mer,WET,45.41,−75.52,"Ombrotrophic Sphagnum bog (raised bog); Mer Bleue, Ottawa; ~28 km²",None documented,,,"Longest continuous EC measurement record in Northern peatlands (since May 1998). Protected wetland at eastern edge of Ottawa. Pristine ombrotrophic bog; no drainage, logging, or fire. Monitored as part of FLUXNET-Canada and McGill-led research.",Mer Bleue LPVE Supersite; AmeriFlux CA-Mer,batch1_AT_AU_BE_BR_CA.md,No,None documented,Unknown,
CA-PB1,WET,~52,~−105,"Canadian peatland (likely bog or fen, provincial peatland complex)",None documented,,,Limited documentation. WET classification. No disturbance info retrieved.,FLUXNET metadata,batch1_AT_AU_BE_BR_CA.md,No,None documented,Unknown,
CA-PB2,WET,~52,~−105,Canadian peatland companion site to CA-PB1,None documented,,,Limited documentation. WET classification. No disturbance info retrieved.,FLUXNET metadata,batch1_AT_AU_BE_BR_CA.md,No,None documented,Unknown,
CA-TP1,ENF,42.66,−80.56,"Eastern white pine (Pinus strobus) plantation; Turkey Point, Ontario",Land use conversion (agriculture to plantation),2002,Stand-replacing (entire old-field converted to planted forest),Established 2002 on former agricultural field. Part of Turkey Point Research Forest chronosequence. Managed plantation; no subsequent logging.,AmeriFlux CA-TP1,batch1_AT_AU_BE_BR_CA.md,Yes,Land-use change,Stand-replacing,2002
CA-TP3,ENF,42.71,−80.35,"Eastern white pine plantation; Turkey Point, Ontario",Plantation establishment on former agricultural land,1974,Stand-replacing (afforestation),"Planted 1974, mid-rotation plantation. Part of Turkey Point chronosequence. Managed; no subsequent logging disturbance documented.",AmeriFlux CA-TP3,batch1_AT_AU_BE_BR_CA.md,Yes,Land-use change,Stand-replacing,1974
CA-TPD,DBF,42.64,−80.56,"Naturally regenerated deciduous broadleaf forest (~90 yr old); Turkey Point, Ontario; sugar maple/beech/oak",Management thinning (historical),Past (dates not documented precisely),Partial; selective thinning recorded,90-yr-old naturally regenerated DBF; some past management thinning mentioned in site documentation. No stand-replacing event.,AmeriFlux CA-TPD,batch1_AT_AU_BE_BR_CA.md,Yes,Forest management/Harvest,Partial,
CH-Dav,ENF,46.8153,9.8559,"Subalpine Norway spruce forest (Picea abies); elevation ~1639 m, Davos, Switzerland",Windthrow (Vivian storm),1990,Partial — stand partially damaged; tower site itself not fully reset,Large-scale windstorm Vivian (Feb 1990) caused widespread blowdown in surrounding Swiss Alps; the CH-Dav tower footprint was partially affected; site has been operated continuously since 1997 by WSL/ETH Zurich; drought stress documented 2003 and 2018,Zielis et al. (2014) Biogeosciences; Merbold et al. various; AmeriFlux site: https://ameriflux.lbl.gov/sites/siteinfo/CH-Dav,batch2_CH_CL_CN_CZ_DE_DK_EE.md,Yes,Other/Unknown,Partial,1990
CH-Lae,MF,47.4783,8.3644,"Mixed deciduous-coniferous forest (beech, oak, Norway spruce, silver fir); Laegern hill, Switzerland",None documented,,,Long-term site operated by ETH Zurich since 2004; no major stand-replacing disturbance documented; managed as protected forest reserve; some selective harvesting historically prior to reserve status,Etzold et al. (2011) Biogeosciences; AmeriFlux: https://ameriflux.lbl.gov/sites/siteinfo/CH-Lae,batch2_CH_CL_CN_CZ_DE_DK_EE.md,No,None documented,Unknown,
CL-SDP,WET,-41.8790,-73.6660,"Peatland / Sphagnum-dominated bog; Patagonian region, Los Lagos, Chile",None documented,,,"Relatively pristine ombrotrophic peatland (turbera) in Chilean Lake District; limited published disturbance history; site is in a remote, lightly managed area; some regional grazing pressure but no major documented disturbance",Pancotto et al. and Chilean flux network publications; AmeriFlux: https://ameriflux.lbl.gov/sites/siteinfo/CL-SDP,batch2_CH_CL_CN_CZ_DE_DK_EE.md,No,None documented,Unknown,
CN-BeO,MF,40.0262,116.3914,"Mixed deciduous broadleaf and conifer plantation; Beijing outskirts, China",Land use change (plantation establishment),~1990s,Stand-replacing (afforestation on previously degraded/agricultural land),Part of Beijing afforestation program; young plantation forest established on formerly degraded land; some thinning management; urban proximity means air pollution stress documented,Liu et al. various; FLUXNET China publications; AmeriFlux: https://ameriflux.lbl.gov/sites/siteinfo/CN-BeO,batch2_CH_CL_CN_CZ_DE_DK_EE.md,Yes,Land-use change,Stand-replacing,1990
CN-HeM,DBF,41.9903,101.1335,"Deciduous broadleaf shrub/woodland; Helan Mountain foothills, Inner Mongolia, China",Drought / overgrazing (land degradation),Ongoing,Low–partial,Semi-arid site in transition zone; historical overgrazing and land degradation; seasonal drought stress is primary stressor; enclosure/restoration management applied,Chinese flux network (ChinaFlux); AmeriFlux: https://ameriflux.lbl.gov/sites/siteinfo/CN-HeM,batch2_CH_CL_CN_CZ_DE_DK_EE.md,Yes,Drought/Climate,Partial,
CN-Sb1,DNF,42.4091,117.3146,"Deciduous needle-leaf forest (larch, Larix principis-rupprechtii); Saihanba, Hebei, China",Land use change (plantation establishment),~1960s,Stand-replacing (afforestation on former degraded grassland/desert),"Saihanba Mechanical Forest Farm — one of China's largest afforestation projects initiated in 1962 on formerly bare, wind-eroded sandy land; managed larch plantation; thinning operations documented",Guo et al. various; FLUXNET China; AmeriFlux: https://ameriflux.lbl.gov/sites/siteinfo/CN-Sb1,batch2_CH_CL_CN_CZ_DE_DK_EE.md,Yes,Land-use change,Stand-replacing,1960
CN-Sb2,ENF,42.3912,117.3702,"Evergreen needle-leaf forest (Pinus sylvestris var. mongolica); Saihanba, Hebei, China",Land use change (plantation establishment),~1960s,Stand-replacing (afforestation on former degraded sandy land),Co-located with CN-Sb1 in Saihanba Forest Farm; Scots pine plantation established in 1960s afforestation campaign; managed plantation with documented thinning,Guo et al. various; FLUXNET China; AmeriFlux: https://ameriflux.lbl.gov/sites/siteinfo/CN-Sb2,batch2_CH_CL_CN_CZ_DE_DK_EE.md,Yes,Land-use change,Stand-replacing,1960
CN-Sdq,OSH,42.0012,101.1374,"Open shrubland; semi-arid shrub steppe, Nei Mongol / Inner Mongolia, China",Drought / overgrazing,Ongoing,Low–partial,Semi-arid shrubland; primary stressors are drought and historical livestock overgrazing; gradual degradation; grazing exclusion/restoration management applied at some sites in this region,ChinaFlux; AmeriFlux: https://ameriflux.lbl.gov/sites/siteinfo/CN-Sdq,batch2_CH_CL_CN_CZ_DE_DK_EE.md,Yes,Drought/Climate,Partial,
CN-YaS,OSH,37.7088,107.2266,"Open shrubland / semi-arid steppe; Yanchi, Ningxia, China",Overgrazing / land degradation,Ongoing,Low–partial,Semi-arid shrubland in the Loess Plateau transition zone; historically subjected to overgrazing and wind erosion; restoration and grazing exclusion measures in place,ChinaFlux; AmeriFlux: https://ameriflux.lbl.gov/sites/siteinfo/CN-YaS,batch2_CH_CL_CN_CZ_DE_DK_EE.md,Yes,Grazing,Partial,
CN-Zha,WET,38.9751,100.4464,"Wetland / marsh; Zhangye, Heihe River Basin, Gansu, China",Hydrological alteration (water diversion),Ongoing,Partial,Inland freshwater marsh in arid inland basin; primary stressor is upstream water diversion reducing inflow to Heihe wetlands; some drainage and agricultural conversion in surrounding area,Li et al. Heihe Basin studies; AmeriFlux: https://ameriflux.lbl.gov/sites/siteinfo/CN-Zha,batch2_CH_CL_CN_CZ_DE_DK_EE.md,Yes,Hydrology/Restoration,Partial,
CZ-BK1,ENF,49.5021,18.5369,"Norway spruce forest (Picea abies); Beskydy Mts., Czech Republic",Bark beetle outbreak (Ips typographus) + windthrow,2017–2020,"Stand-replacing (severe, widespread salvage logging across Beskydy region; tower footprint significantly impacted)",Major bark beetle epidemic triggered by drought (2018) and preceded by windstorm disturbance; widespread mortality and salvage logging in the Beskydy Mountains documented extensively; one of the most severe European bark beetle outbreaks on record in this region; tower still operating but ecosystem shifted to post-disturbance recovery,Lindner et al.; Hlásny et al. (2019) Forest Ecology & Management; Senf & Seidl (2021); ICOS site; AmeriFlux: https://ameriflux.lbl.gov/sites/siteinfo/CZ-BK1,batch2_CH_CL_CN_CZ_DE_DK_EE.md,Yes,Biotic outbreak,Stand-replacing,2017
CZ-Lnz,DBF,48.6816,16.9463,"Floodplain forest / hardwood lowland deciduous forest (oak, ash, hornbeam); Lanžhot, South Moravia, Czech Republic",Flooding (Dyje/Morava floodplain); drought stress,Recurring,Low–partial,Floodplain forest with regular spring inundation regime; managed floodplain; drought stress increasing post-2015; no major stand-replacing disturbance documented; some selective logging,Acosta et al. (2013) Biogeosciences; ICOS; AmeriFlux: https://ameriflux.lbl.gov/sites/siteinfo/CZ-Lnz,batch2_CH_CL_CN_CZ_DE_DK_EE.md,Yes,Drought/Climate,Partial,
CZ-RAJ,ENF,49.4437,16.6965,"Norway spruce forest (Picea abies); Rájec-Němčice, Moravian Highlands, Czech Republic",Bark beetle outbreak + drought dieback,2018–2020,Stand-replacing (large areas of spruce mortality; salvage logging),Part of the broader Central European bark beetle epidemic; severe drought in 2018 weakened spruce stands allowing Ips typographus outbreak; extensive salvage logging; site in post-disturbance recovery,Hlásny et al. (2019); ICOS CZ; AmeriFlux: https://ameriflux.lbl.gov/sites/siteinfo/CZ-RAJ,batch2_CH_CL_CN_CZ_DE_DK_EE.md,Yes,Drought/Climate,Stand-replacing,2018
CZ-Stn,DBF,49.0360,17.9699,"Deciduous broadleaf forest (oak, hornbeam, beech); Štítná nad Vláří, White Carpathians, Czech Republic",None documented,,,Mature semi-natural deciduous forest in White Carpathians Protected Landscape Area; no major disturbance documented; some management thinning historically,ICOS CZ; AmeriFlux: https://ameriflux.lbl.gov/sites/siteinfo/CZ-Stn,batch2_CH_CL_CN_CZ_DE_DK_EE.md,No,None documented,Unknown,
CZ-wet,WET,49.0246,14.7704,"Fen / wetland (Phragmites australis-dominated); Třeboň Basin, Czech Republic",Hydrological management (drainage / rewetting),Historical (drainage pre-1990s); rewetting ongoing,Partial,Located in Třeboň Biosphere Reserve; historic drainage for agricultural use; rewetting restoration efforts since early 2000s; managed as nature reserve; no fire or logging disturbance,Dušek et al. (2009) Wetlands; ICOS CZ; AmeriFlux: https://ameriflux.lbl.gov/sites/siteinfo/CZ-wet,batch2_CH_CL_CN_CZ_DE_DK_EE.md,Yes,Hydrology/Restoration,Partial,1990
DE-Akm,WET,53.8662,13.6834,"Fen / degraded peatland (Phragmites, Carex); Ahlenmoor, Mecklenburg-Vorpommern, Germany",Drainage / peat extraction (historical),Pre-1990 (drainage); rewetting ~2000s,Partial,Drained and degraded fen; rewetting restoration ongoing as part of German peatland restoration; no fire; ongoing paludiculture/rewetting research site,Holl et al.; German peatland flux network; AmeriFlux: https://ameriflux.lbl.gov/sites/siteinfo/DE-Akm,batch2_CH_CL_CN_CZ_DE_DK_EE.md,Yes,Hydrology/Restoration,Partial,1990
DE-Hai,DBF,51.0792,10.4522,"European beech forest (Fagus sylvatica); Hainich National Park, Thuringia, Germany",None documented (prior military use as buffer zone),"Pre-1990 land use change (military exclusion zone pre-1990, then national park from 1997)",Low (historical removal of management),"Hainich is notable for having been a military exclusion zone (Sperrgebiet) during German division (pre-1990), which incidentally preserved the old-growth beech forest; no recent fire, logging, or bark beetle disturbance; became UNESCO World Heritage beech forest 2011",Knohl et al. (2003) Agric. For. Meteorol.; Kutsch et al.; AmeriFlux: https://ameriflux.lbl.gov/sites/siteinfo/DE-Hai,batch2_CH_CL_CN_CZ_DE_DK_EE.md,Yes,Other/Unknown,Low,1990
DE-Har,ENF,47.9339,7.5981,"Norway spruce / mixed conifer forest; Black Forest / Hartheim region, Baden-Württemberg, Germany",None documented,,,Managed conifer forest in Black Forest; some routine forest management thinning; no major disturbance event documented at the tower scale,AmeriFlux: https://ameriflux.lbl.gov/sites/siteinfo/DE-Har,batch2_CH_CL_CN_CZ_DE_DK_EE.md,No,None documented,Unknown,
DE-HoH,DBF,52.0866,11.2224,"Deciduous broadleaf forest (oak-dominated); Hordorf/Hohes Holz, Saxony-Anhalt, Germany",None documented,,,Lowland oak-dominated forest in sub-continental climate; no major disturbance documented; some management thinning; drought stress 2018–2019 noted in regional context,AmeriFlux: https://ameriflux.lbl.gov/sites/siteinfo/DE-HoH,batch2_CH_CL_CN_CZ_DE_DK_EE.md,No,None documented,Unknown,
DE-Msr,ENF,47.8092,11.4562,"Norway spruce / mixed conifer; Mangfallgebirge / pre-Alpine Bavaria, Germany",None documented,,,Pre-Alpine conifer forest; managed forest; no major documented disturbance at tower scale; note: site may overlap with or be near areas affected by windstorm Kyrill (2007) but no confirmed direct impact,AmeriFlux: https://ameriflux.lbl.gov/sites/siteinfo/DE-Msr,batch2_CH_CL_CN_CZ_DE_DK_EE.md,No,None documented,Unknown,
DE-Obe,ENF,50.7864,13.7217,"Norway spruce forest; Erzgebirge (Ore Mountains), Saxony, Germany",Bark beetle outbreak + drought dieback,2018–2020,Stand-replacing (widespread spruce mortality and salvage logging across Erzgebirge),Erzgebirge experienced severe bark beetle (Ips typographus) outbreak following 2018 drought; widespread Norway spruce mortality; salvage logging; part of the pan-Central-European bark beetle epidemic; tower footprint impacted,Senf & Seidl (2021) Nature Communications; Hlásny et al. (2019); AmeriFlux: https://ameriflux.lbl.gov/sites/siteinfo/DE-Obe,batch2_CH_CL_CN_CZ_DE_DK_EE.md,Yes,Drought/Climate,Stand-replacing,2018
DE-RuC,OSH,50.5031,6.3360,"Shrubland / heathland (Calluna vulgaris-dominated); Rollesbroich catchment, Eifel, Germany",Heathland management (prescribed burning / cutting),Periodic management,Low (managed),Calluna heathland managed by periodic cutting and/or prescribed burning to maintain open heathland structure; no uncontrolled wildfire; management burns are routine conservation practice,Hoeltl et al.; TERENO Eifel; AmeriFlux: https://ameriflux.lbl.gov/sites/siteinfo/DE-RuC,batch2_CH_CL_CN_CZ_DE_DK_EE.md,Yes,Fire,Low,
DE-Tha,ENF,50.9626,13.5653,"Norway spruce forest (Picea abies); Tharandt, Saxony, Germany",Windthrow (Kyrill) + bark beetle + drought,2007 (Kyrill); 2018–2020 (bark beetle/drought),Partial (Kyrill: partial windthrow gaps); Stand-replacing in surroundings (2018–2020 bark beetle),Windstorm Kyrill (Jan 2007) caused partial blowdown; subsequent bark beetle outbreak; regional bark beetle epidemic 2018–2020 caused widespread spruce mortality in Tharandt Forest; one of the longest-running European flux sites (since 1996); post-disturbance dynamics well studied,Grünwald & Bernhofer (2008) Tellus; Feigenwinter et al.; Senf & Seidl (2021); AmeriFlux: https://ameriflux.lbl.gov/sites/siteinfo/DE-Tha,batch2_CH_CL_CN_CZ_DE_DK_EE.md,Yes,Drought/Climate,Stand-replacing,2007
DK-Sor,DBF,55.4859,11.6446,"European beech forest (Fagus sylvatica); Sorø, Zealand, Denmark",None documented,,,Mature managed beech forest; long-term ICOS/CarboEurope site since 1996; routine silvicultural thinning; no major stand-replacing disturbance; storm damage minor (1999 storm caused some gaps in region but site not severely impacted); drought stress 2018 documented,Pilegaard et al. (2003) J. Geophys. Res.; Granier et al.; ICOS DK; AmeriFlux: https://ameriflux.lbl.gov/sites/siteinfo/DK-Sor,batch2_CH_CL_CN_CZ_DE_DK_EE.md,No,None documented,Unknown,
EE-Stg,ENF,58.0236,26.0708,"Hemi-boreal / boreonemoral Scots pine forest (Pinus sylvestris); Soontaga, Estonia",None documented,,,Scots pine-dominated hemi-boreal forest on nutrient-poor sandy soil; managed but no major disturbance documented; Estonian flux site; some selective logging historically; no major windthrow or bark beetle event confirmed at tower scale,Varlagin et al.; ICOS EE; AmeriFlux: https://ameriflux.lbl.gov/sites/siteinfo/EE-Stg,batch2_CH_CL_CN_CZ_DE_DK_EE.md,No,None documented,Unknown,
ES-Abr,SAV,38.7018,-6.7859,"Savanna / open woodland (dehesa); holm oak (Quercus ilex) with grass understorey; Albuera, Extremadura, Spain",Grazing (ongoing livestock); drought stress,Ongoing,Low (managed),Typical Spanish dehesa — open oak savanna with continuous cattle grazing; no stand-replacing fire documented at this site; recurrent summer drought; tower operated ~2015–2020,Lopes et al. various; FLUXNET Spain; AmeriFlux: https://ameriflux.lbl.gov/sites/siteinfo/ES-Abr,batch3_ES_FI_FR_GL_IL_IT_JP_KR_NL_RU.md,Yes,Drought/Climate,Low,
ES-Crg,CSH,39.1193,-0.9585,"Closed shrubland (matorral); Mediterranean scrub dominated by Rosmarinus, Cistus, Pistacia; Caroig Massif, Valencia, Spain",None documented,,,Semi-arid Mediterranean shrubland on calcareous substrate; no major fire or logging disturbance documented at tower scale; some historical land abandonment leading to shrub encroachment; site active 2021–2024,ICOS/FLUXNET Spain; AmeriFlux: https://ameriflux.lbl.gov/sites/siteinfo/ES-Crg,batch3_ES_FI_FR_GL_IL_IT_JP_KR_NL_RU.md,No,None documented,Unknown,
ES-FtD,WET,36.9985,-6.4346,"Freshwater marsh / Mediterranean wetland; Phragmites australis and Juncus dominated; Doñana region, Huelva, Spain","Hydrological alteration (drainage, water management); drought",Historical and ongoing,Partial,Located near Doñana Biosphere Reserve; wetland subject to seasonal flooding variability; surrounding area has history of drainage for agriculture; severe 2004–2005 drought affected Doñana wetlands; ongoing hydrological management; trait extraction required 3 km buffer (wetland masked in standard trait maps),Doñana LTER; FLUXNET Spain; AmeriFlux: https://ameriflux.lbl.gov/sites/siteinfo/ES-FtD,batch3_ES_FI_FR_GL_IL_IT_JP_KR_NL_RU.md,Yes,Drought/Climate,Partial,
ES-HeB,ENF,38.4048,-1.7262,"Evergreen needle-leaf forest (post-fire pine regeneration); Pinus halepensis; Hellín, Murcia, Spain",Wildfire (stand-replacing),~2012–2014 (pre-tower establishment),Stand-replacing,"Site name ""Hellín Burnt"" explicitly indicates post-fire origin; Pinus halepensis reforestation / natural regeneration following wildfire; tower established to study post-fire carbon dynamics; paired with ES-Hen (unburned control); active 2019–2024",Bonet et al.; ICOS Spain; FLUXNET; AmeriFlux: https://ameriflux.lbl.gov/sites/siteinfo/ES-HeB,batch3_ES_FI_FR_GL_IL_IT_JP_KR_NL_RU.md,Yes,Fire,Stand-replacing,2012
ES-Hen,ENF,38.4111,-1.6975,"Evergreen needle-leaf forest (mature Pinus halepensis plantation / natural forest); Hellín, Murcia, Spain",None documented (control site),,,Unburned mature Aleppo pine forest; paired control site for ES-HeB (post-fire site) ~600 m away; represents undisturbed reference vegetation; active 2019–2024,Bonet et al.; ICOS Spain; FLUXNET; AmeriFlux: https://ameriflux.lbl.gov/sites/siteinfo/ES-Hen,batch3_ES_FI_FR_GL_IL_IT_JP_KR_NL_RU.md,Yes,Other/Unknown,Unknown,
ES-LM1,SAV,39.9427,-5.7787,"Savanna / dehesa; holm oak (Quercus ilex) + grass; Majadas del Tietar North, Cáceres, Spain",Grazing management change (exclusion experiment),2014 (tower establishment with management treatments),Low,Majadas del Tietar experimental dehesa complex; ES-LM1 and ES-LM2 are manipulative treatment plots (different grazing or nitrogen treatments); long-term carbon flux study by MPI-BGC and CSIC; ongoing grazing management; no fire,Migliavacca et al.; El-Madany et al. (2018) JGR-Biogeosciences; AmeriFlux: https://ameriflux.lbl.gov/sites/siteinfo/ES-LM1,batch3_ES_FI_FR_GL_IL_IT_JP_KR_NL_RU.md,Yes,Grazing,Low,2014
ES-LM2,SAV,39.9346,-5.7759,"Savanna / dehesa; holm oak (Quercus ilex) + grass; Majadas del Tietar South, Cáceres, Spain",Grazing management change (treatment plot),2014 (tower establishment with management treatments),Low,Paired with ES-LM1; part of Majadas del Tietar dehesa manipulation experiment; different grazing/nutrient treatment from LM1; no fire,El-Madany et al. (2018) JGR-Biogeosciences; AmeriFlux: https://ameriflux.lbl.gov/sites/siteinfo/ES-LM2,batch3_ES_FI_FR_GL_IL_IT_JP_KR_NL_RU.md,Yes,Grazing,Low,2014
ES-LMa,SAV,39.9403,-5.7746,"Savanna / dehesa; holm oak (Quercus ilex) + grass; Las Majadas de Tietar, Cáceres, Spain",Grazing (ongoing),Ongoing,Low,"The original ""Las Majadas"" tower (precursor/parallel to ES-LM1/LM2); continuous cattle grazing; no fire or logging; drought stress documented 2017 (extreme drought); MPI-BGC operated",Migliavacca et al. (2017) Nature Plants; El-Madany et al. various; AmeriFlux: https://ameriflux.lbl.gov/sites/siteinfo/ES-LMa,batch3_ES_FI_FR_GL_IL_IT_JP_KR_NL_RU.md,Yes,Grazing,Low,
ES-Mcd,EBF,39.5882,-0.3997,"Evergreen broadleaf forest (citrus/orange orchard); Moncada, Valencia, Spain","Crop management (irrigation, pruning, harvest)",Ongoing (annual cycles),Low (managed agro-ecosystem),"Managed citrus orchard; IGBP EBF reflects evergreen canopy; not a natural forest — subject to annual management (pruning, fertilization, irrigation, harvest); no fire or major disturbance; active 2018–2024",FLUXNET Spain; AmeriFlux: https://ameriflux.lbl.gov/sites/siteinfo/ES-Mcd,batch3_ES_FI_FR_GL_IL_IT_JP_KR_NL_RU.md,Yes,Forest management/Harvest,Low,
ES-MtB,OSH,37.0202,-6.5544,"Open shrubland (matorral); Mediterranean scrub (Halimium, Cistus, Lavandula); Monte Blanco, Huelva, Spain",None documented,,,Open shrubland on sandy acid soils; proximity to Doñana region; no major fire event documented at tower scale; possible historical burning in surrounding landscape; site active 2021–2024,FLUXNET Spain; AmeriFlux: https://ameriflux.lbl.gov/sites/siteinfo/ES-MtB,batch3_ES_FI_FR_GL_IL_IT_JP_KR_NL_RU.md,No,None documented,Unknown,
ES-TzM,DBF,39.2658,-1.9397,"Deciduous broadleaf forest; mixed deciduous woodland (Quercus faginea, Q. pubescens); Tarazona de la Mancha, Castilla-La Mancha, Spain",None documented,,,Semi-arid deciduous oak woodland; no major disturbance documented; some historical land use (agriculture/grazing) prior to forest recovery; drought stress in semi-arid continental climate; active 2020–2024,FLUXNET Spain; AmeriFlux: https://ameriflux.lbl.gov/sites/siteinfo/ES-TzM,batch3_ES_FI_FR_GL_IL_IT_JP_KR_NL_RU.md,No,None documented,Unknown,
ES-Yst,ENF,38.3351,-2.3571,"Evergreen needle-leaf forest; Pinus sylvestris plantation; Yeste, Albacete, Spain",None documented,,,Managed Scots pine plantation in Sierra de Alcaraz; no major fire documented at this specific tower; possible wildfire history in surrounding region (Sierra de Segura/Alcaraz is a fire-prone landscape); some thinning management; active 2019–2024,FLUXNET Spain; AmeriFlux: https://ameriflux.lbl.gov/sites/siteinfo/ES-Yst,batch3_ES_FI_FR_GL_IL_IT_JP_KR_NL_RU.md,No,None documented,Unknown,
FI-Hyy,ENF,61.8474,24.2948,"Boreal Scots pine forest (Pinus sylvestris); SMEAR II station; Hyytiälä, Pirkanmaa, Finland",Clear-cut + plantation (historical stand origin),~1962 (stand establishment by planting after clear-cut),Stand-replacing (historical),The current stand was established in 1962 by planting after clear-cutting; mature managed Scots pine; one of the most intensively studied boreal forests globally; no fire or bark beetle outbreak documented since establishment; routine thinning management; ongoing since 1996,Hari & Kulmala (2005) Boreal Env. Res.; Kolari et al. (2009) Tellus; AmeriFlux: https://ameriflux.lbl.gov/sites/siteinfo/FI-Hyy,batch3_ES_FI_FR_GL_IL_IT_JP_KR_NL_RU.md,Yes,Forest management/Harvest,Stand-replacing,1962
FI-Ken,ENF,67.9872,24.2430,"Boreal/sub-arctic Norway spruce forest (Picea abies) near treeline; Kenttärova, Lapland, Finland",None documented,,,Remote old-growth-like Norway spruce forest near the northern treeline; no logging or fire disturbance documented; very low human pressure; active 2018–2024,Aurela et al. various; FMI Finland; AmeriFlux: https://ameriflux.lbl.gov/sites/siteinfo/FI-Ken,batch3_ES_FI_FR_GL_IL_IT_JP_KR_NL_RU.md,No,None documented,Unknown,
FI-Let,ENF,60.6418,23.9595,"Boreal Norway spruce forest (Picea abies); Lettosuo, Salo region, Finland",Drainage of paludified forest (historical),Pre-1970s,Partial,Drained paludified (formerly waterlogged) spruce forest; original site had been drained for forestry; site transitioned from drained spruce to study carbon balance of managed boreal forest; some selective logging historically; active 2009–2024,Lohila et al. (2011) Biogeosciences; AmeriFlux: https://ameriflux.lbl.gov/sites/siteinfo/FI-Let,batch3_ES_FI_FR_GL_IL_IT_JP_KR_NL_RU.md,Yes,Hydrology/Restoration,Partial,1970
FI-Rk2,ENF,61.1829,25.2627,"Boreal Norway spruce forest (Picea abies); Ranskalankorpi, Häme-Tavastia, Finland",None documented (recently established site),,,Managed boreal spruce forest; relatively recently established tower (2020–2023); no major disturbance documented at tower scale; part of Finnish flux network (ICOS Finland),Finnish Meteorological Institute / Univ. Helsinki; ICOS FI; AmeriFlux: https://ameriflux.lbl.gov/sites/siteinfo/FI-Rk2,batch3_ES_FI_FR_GL_IL_IT_JP_KR_NL_RU.md,Yes,Other/Unknown,Unknown,
FI-Sii,WET,61.8326,24.1928,"Boreal ombrotrophic peatland / raised bog (Sphagnum fuscum, Eriophorum); Siikaneva, Tampere region, Finland",None documented,,,"Natural raised bog; pristine ombrotrophic peatland; adjacent to FI-Hyy; no drainage, fire, or logging disturbance documented; intensive long-term peatland carbon flux measurements; active ~2005–present",Rinne et al. (2007) Glob. Change Biol.; Aurela et al. various; AmeriFlux: https://ameriflux.lbl.gov/sites/siteinfo/FI-Sii,batch3_ES_FI_FR_GL_IL_IT_JP_KR_NL_RU.md,No,None documented,Unknown,
FI-Var,ENF,67.7549,29.6100,"Boreal/sub-arctic Scots pine forest (Pinus sylvestris); Värriö, Lapland, Finland",None documented,,,Remote sub-arctic pine forest in Värriö Strict Nature Reserve; very low human impact; no logging or fire documented; long-term background monitoring site; active 2016–2024,Hari et al.; University of Helsinki Värriö research station; AmeriFlux: https://ameriflux.lbl.gov/sites/siteinfo/FI-Var,batch3_ES_FI_FR_GL_IL_IT_JP_KR_NL_RU.md,No,None documented,Unknown,
FR-Bil,ENF,44.4937,-0.9561,"Maritime pine forest (Pinus pinaster); Bilos, Landes de Gascogne, France",Wildfire (Les Landes fire),2022,Stand-replacing (large fire affecting Landes forest),"The Landes de Gascogne maritime pine forests suffered catastrophic wildfires in summer 2022 (Gironde/Landes fires were among France's largest in decades, ~74,000 ha burned); the FR-Bil site and surrounding Landes forest were significantly impacted; active 2014–2024; the tower likely registered fire-driven carbon flux changes post-2022",Berbigier et al.; Ogée et al.; Landmann et al. (2022) ICOS France; AmeriFlux: https://ameriflux.lbl.gov/sites/siteinfo/FR-Bil,batch3_ES_FI_FR_GL_IL_IT_JP_KR_NL_RU.md,Yes,Fire,Stand-replacing,2022
FR-FBn,ENF,43.2408,5.6786,"Evergreen needle-leaf forest (mixed Pinus halepensis and Quercus ilex); Font-Blanche, Bouches-du-Rhône, France",None documented (fire risk site),,,Mediterranean mixed forest on calcareous soils; high wildfire risk landscape (Provence); no confirmed stand-replacing fire at the tower footprint; drought stress documented; active 2008–2024,Simioni et al.; Limousin et al.; ICOS France; AmeriFlux: https://ameriflux.lbl.gov/sites/siteinfo/FR-FBn,batch3_ES_FI_FR_GL_IL_IT_JP_KR_NL_RU.md,Yes,Fire,Unknown,
FR-Fon,DBF,48.4764,2.7801,"Deciduous broadleaf forest (Quercus petraea and Q. robur); Fontainebleau-Barbeau, Seine-et-Marne, France",None documented,,,Mature temperate sessile/pedunculate oak forest; managed as part of Fontainebleau Forest (ONF); selective logging and some thinning historically; no stand-replacing disturbance; 1999 storm caused minor blowdown in region; drought stress 2003 and 2018–2019 documented; active 2005–2024,Granier et al. (2008) Agric. For. Meteorol.; Delpierre et al.; ICOS France; AmeriFlux: https://ameriflux.lbl.gov/sites/siteinfo/FR-Fon,batch3_ES_FI_FR_GL_IL_IT_JP_KR_NL_RU.md,No,None documented,Unknown,
FR-Pue,EBF,43.7413,3.5957,"Evergreen broadleaf forest (Quercus ilex / holm oak); Puéchabon, Hérault, France",None documented,,,Mature holm oak forest on calcareous substrate; no logging or fire documented at tower scale; drought-adapted xeric forest; 2003 heat wave / drought caused some leaf damage but no stand-level mortality; one of the longest-running Mediterranean flux sites (since 1999/2000); active continuously since 2000,Rambal et al. (2003) Glob. Change Biol.; Reichstein et al. (2003); ICOS France; AmeriFlux: https://ameriflux.lbl.gov/sites/siteinfo/FR-Pue,batch3_ES_FI_FR_GL_IL_IT_JP_KR_NL_RU.md,No,None documented,Unknown,
GL-Dsk,OSH,69.2535,-53.5141,"Low Arctic open shrubland / dwarf shrub heath (Betula nana, Salix, Dryas); Disko Island, West Greenland",None documented,,,"Arctic shrub tundra on Disko Island; no fire, logging, or grazing disturbance documented; climate warming-driven shrub encroachment (shrubification) is the primary vegetation change agent; permafrost present; active 2020–2024","Groendahl et al.; Arctic station Qeqertarsuaq (Disko Island), Univ. Copenhagen; AmeriFlux: https://ameriflux.lbl.gov/sites/siteinfo/GL-Dsk",batch3_ES_FI_FR_GL_IL_IT_JP_KR_NL_RU.md,No,None documented,Unknown,
IL-Yat,ENF,31.3450,35.0520,"Semi-arid evergreen needle-leaf forest; Pinus halepensis plantation; Yatir Forest, Negev fringe, Israel",None documented (planted forest),~1960s (afforestation),Stand-replacing (historical — afforestation on degraded semi-arid scrubland),"Yatir Forest is one of the world's largest semi-arid planted forests, established by the JNF (Jewish National Fund) beginning in the early 1960s on bare/degraded calcareous soils at the edge of the Negev Desert; ~3000 ha; no subsequent fire or logging disturbance; drought stress is the dominant ecological constraint; active since 2000; Pinus halepensis; elevation ~652 m",Rotenberg & Yakir (2010) Science; Grünzweig et al. various; AmeriFlux: https://ameriflux.lbl.gov/sites/siteinfo/IL-Yat,batch3_ES_FI_FR_GL_IL_IT_JP_KR_NL_RU.md,Yes,Other/Unknown,Stand-replacing,1960
IT-Arz,OSH,45.6190,10.0023,"Open shrubland / Mediterranean macchia; Arzelle, Lake Garda area, Brescia, Italy",None documented,,,Mediterranean/sub-Mediterranean shrubland near Lake Garda; thermophilous shrub community; no major fire or logging disturbance documented; active 2016–2024; ICOS Italy affiliate,ICOS IT; AmeriFlux: https://ameriflux.lbl.gov/sites/siteinfo/IT-Arz,batch3_ES_FI_FR_GL_IL_IT_JP_KR_NL_RU.md,No,None documented,Unknown,
IT-BFt,DBF,45.1978,10.7420,"Deciduous broadleaf forest; Bosco Fontana nature reserve (Quercus robur, Fraxinus, Carpinus); Mantua, Italy",None documented (protected old-growth relict),,,Bosco Fontana is a small (233 ha) national nature reserve with old-growth lowland oak forest; protected since 1949; no logging since reserve establishment; no fire documented; active 2019–2024,Spano et al.; ICOS IT; AmeriFlux: https://ameriflux.lbl.gov/sites/siteinfo/IT-BFt,batch3_ES_FI_FR_GL_IL_IT_JP_KR_NL_RU.md,Yes,Other/Unknown,Unknown,
IT-BsB,DBF,45.1182,7.1620,"Deciduous broadleaf forest (mixed broadleaf; beech, oak, chestnut); Bussoleno, Susa Valley, Piedmont, Italy",None documented,,,Mixed deciduous montane forest in the Western Alps foothills; no major disturbance documented at tower scale; some historical logging and chestnut coppicing in the region; active 2021–2024,ICOS IT; AmeriFlux: https://ameriflux.lbl.gov/sites/siteinfo/IT-BsB,batch3_ES_FI_FR_GL_IL_IT_JP_KR_NL_RU.md,No,None documented,Unknown,
IT-Cp2,MF,41.7043,12.3573,"Mixed forest / evergreen Mediterranean woodland (Quercus ilex, Pinus pinea, Pinus pinaster); Castelporziano Presidential Estate, Rome, Italy",None documented (protected estate),,,Large protected estate forest south of Rome; managed as a presidential reserve (Tenuta di Castelporziano); no logging or fire since reserve establishment; some management of exotic species; drought stress documented in Mediterranean climate; active since ~2012; IGBP listed as MF (mixed forest) but sometimes EBF in other classifications,Sabbatini et al.; ICOS IT; AmeriFlux: https://ameriflux.lbl.gov/sites/siteinfo/IT-Cp2,batch3_ES_FI_FR_GL_IL_IT_JP_KR_NL_RU.md,Yes,Other/Unknown,Unknown,
IT-Lav,ENF,45.9562,11.2813,"Subalpine Norway spruce forest (Picea abies); Lavarone plateau, Trentino, Italy",None documented,,,Managed subalpine spruce forest; some selective harvesting historically; no major windthrow or bark beetle outbreak documented at the tower; active 2003–2020; elevation ~1353 m; part of CarboEurope/ICOS network,Marcolla et al. (2003) Agric. For. Meteorol.; Cescatti & Zorer (2003); AmeriFlux: https://ameriflux.lbl.gov/sites/siteinfo/IT-Lav,batch3_ES_FI_FR_GL_IL_IT_JP_KR_NL_RU.md,No,None documented,Unknown,
IT-Lsn,OSH,45.7405,12.7503,"Open shrubland / Mediterranean macchia; Lison-Pramaggiore, Treviso/Venice area, Italy",Hydrological management (agricultural drainage of surrounding area),Historical,Partial,Low-elevation shrubland/marginal vegetation near Venice lagoon hinterland; surrounding landscape is intensively drained agricultural plain; site may experience altered hydrology from land drainage; no fire or direct logging disturbance documented; active 2016–2024,ICOS IT; AmeriFlux: https://ameriflux.lbl.gov/sites/siteinfo/IT-Lsn,batch3_ES_FI_FR_GL_IL_IT_JP_KR_NL_RU.md,Yes,Hydrology/Restoration,Partial,
IT-Ren,ENF,46.5869,11.4337,"Subalpine Norway spruce forest (Picea abies); Renon / Ritten plateau, South Tyrol, Italy",None documented,,,Well-studied subalpine spruce forest in the eastern Italian Alps; managed forest with some selective harvesting; no stand-replacing windthrow or bark beetle outbreak documented at the tower level (note: 2018–2019 bark beetle outbreaks occurred in surrounding South Tyrol but direct tower impact not confirmed); active 1999–2024; elevation ~1687 m,Cescatti & Marcolla (2004) Ann. For. Sci.; ICOS IT; AmeriFlux: https://ameriflux.lbl.gov/sites/siteinfo/IT-Ren,batch3_ES_FI_FR_GL_IL_IT_JP_KR_NL_RU.md,No,None documented,Unknown,
IT-SR2,ENF,43.7320,10.2909,"Evergreen needle-leaf forest (Pinus pinea / stone pine); San Rossore, Pisa, Tuscany, Italy",None documented,,,Coastal stone pine forest (Pineta) in Migliarino-San Rossore-Massaciuccoli Regional Park; protected park forest; no logging or fire documented at the tower since park establishment; active since ~2013; elevation ~4 m (coastal flatlands),Tedeschi et al.; ICOS IT; AmeriFlux: https://ameriflux.lbl.gov/sites/siteinfo/IT-SR2,batch3_ES_FI_FR_GL_IL_IT_JP_KR_NL_RU.md,No,None documented,Unknown,
JP-Api,DBF,40.0014,140.9366,"Cool-temperate deciduous broadleaf forest; mixed broadleaf (Quercus mongolica, Betula, Acer); Appi Highland, Iwate Prefecture, Japan",None documented,,,"Cool-temperate deciduous forest in mountainous Iwate; long-term FFPRI (Forestry and Forest Products Research Institute) site; no major fire, logging, or windthrow documented at tower scale; active 2000–2022",Hirano et al.; Ohta et al. various; FFPRI Japan; AmeriFlux: https://ameriflux.lbl.gov/sites/siteinfo/JP-Api,batch3_ES_FI_FR_GL_IL_IT_JP_KR_NL_RU.md,No,None documented,Unknown,
JP-Yms,DBF,34.7903,135.8409,"Cool-temperate deciduous broadleaf forest; mixed broadleaf (Quercus serrata, Carpinus, Magnolia); Yamashiro, Kyoto Prefecture, Japan",None documented,,,Warm-temperate/cool-temperate transition zone forest; FFPRI Yamashiro research forest; managed but no major stand-replacing disturbance documented; active 2000–2023; elevation ~320 m,Hirano et al.; FFPRI Japan; AmeriFlux: https://ameriflux.lbl.gov/sites/siteinfo/JP-Yms,batch3_ES_FI_FR_GL_IL_IT_JP_KR_NL_RU.md,No,None documented,Unknown,
JP-Ynf,EBF,26.7510,128.2127,"Subtropical evergreen broadleaf forest (Castanopsis sieboldii, Machilus, Ficus); Yona, Okinawa Island, Japan",None documented,,,Subtropical evergreen broadleaf (lucidophyllous) forest on Okinawa; FFPRI research site; relatively undisturbed subtropical forest; typhoon disturbance is the primary natural stressor (Okinawa is frequently hit by typhoons); no major logged or burned area documented at tower; active 2013–2022,FFPRI Japan; Hirano et al.; AmeriFlux: https://ameriflux.lbl.gov/sites/siteinfo/JP-Ynf,batch3_ES_FI_FR_GL_IL_IT_JP_KR_NL_RU.md,No,None documented,Unknown,
KR-Kw1,ENF,37.7484,127.1626,"Evergreen needle-leaf forest; Korean pine / mixed conifer (Pinus koraiensis, Chamaecyparis); Gwangneung Experimental Forest, Gyeonggi-do, South Korea",None documented (protected experimental forest),,,Gwangneung National Forest is one of Korea's oldest experimental forests; protected since 1468 (Joseon Dynasty); minimal disturbance for centuries; no logging or fire; conifer plot; active 2016–2020; part of KoFlux network,Kim et al. (2006); Kwon et al.; KoFlux; AmeriFlux: https://ameriflux.lbl.gov/sites/siteinfo/KR-Kw1,batch3_ES_FI_FR_GL_IL_IT_JP_KR_NL_RU.md,Yes,Other/Unknown,Unknown,
KR-Kw2,DBF,37.7487,127.1489,"Deciduous broadleaf forest; mixed temperate deciduous (Quercus mongolica, Carpinus, Acer); Gwangneung Experimental Forest, Gyeonggi-do, South Korea",None documented (protected experimental forest),,,Deciduous plot in Gwangneung National Forest; protected for centuries; no logging or fire; ~300–500 m from KR-Kw1 conifer plot; active 2016–2020; part of KoFlux network,Kim et al. (2006); Kwon et al.; KoFlux; AmeriFlux: https://ameriflux.lbl.gov/sites/siteinfo/KR-Kw2,batch3_ES_FI_FR_GL_IL_IT_JP_KR_NL_RU.md,Yes,Other/Unknown,Unknown,
NL-Loo,ENF,52.1664,5.7436,"Evergreen needle-leaf forest; Scots pine plantation (Pinus sylvestris); Loobos, Veluwe, Gelderland, Netherlands",Plantation establishment (afforestation on former heathland),~1935–1950,Stand-replacing (historical),Loobos is a ~60–70-year-old Scots pine plantation established on former heathland (open sand) on the Veluwe sandy plateau; 1999 windstorm caused minor gap creation in surrounding Veluwe forests but no major damage confirmed at tower; drought stress documented; no fire; active since 1996; one of the longest-running European flux sites,Dolman et al. (2002) Tellus; Jacobs et al.; ICOS NL; AmeriFlux: https://ameriflux.lbl.gov/sites/siteinfo/NL-Loo,batch3_ES_FI_FR_GL_IL_IT_JP_KR_NL_RU.md,Yes,Land-use change,Stand-replacing,1935
RU-Ch2,WET,68.6169,161.3509,"Arctic/subarctic tundra wetland / waterlogged tundra (moss-sedge-shrub); Chersky, northeastern Siberia, Russia","Permafrost thaw (thermokarst, active layer deepening)",Ongoing (accelerating),Partial,"Northeastern Siberian tundra/wetland complex near the Northeast Science Station (Chersky); primary stressor is permafrost degradation and active layer deepening driven by climate warming; some thermokarst development; no fire, logging, or grazing documented; active 2014–2021",Corradi et al.; Zimov et al.; FLUXNET Russia; AmeriFlux: https://ameriflux.lbl.gov/sites/siteinfo/RU-Ch2,batch3_ES_FI_FR_GL_IL_IT_JP_KR_NL_RU.md,Yes,Permafrost/Geomorphic,Partial,
RU-Fy2,ENF,56.4476,32.9019,"Boreal Norway spruce forest — dry variant (Picea abies); Fyodorovskoye, Tver Oblast, Russia",None documented,,,"Boreal spruce forest in central European Russia; paired with RU-Fyo; ""dry spruce"" stand variant; some historical logging in surrounding landscape but no major disturbance at tower footprint documented; active 2015–2024",Milyukova et al.; Vygodskaya et al.; FLUXNET Russia; AmeriFlux: https://ameriflux.lbl.gov/sites/siteinfo/RU-Fy2,batch3_ES_FI_FR_GL_IL_IT_JP_KR_NL_RU.md,No,None documented,Unknown,
RU-Fy4,WET,56.4727,33.0413,"Boreal bog / peatland (Sphagnum-dominated raised bog); Fyodorovskoye, Tver Oblast, Russia",None documented,,,Boreal raised Sphagnum bog in Tver Oblast; co-located with RU-Fyo/RU-Fy2 complex; natural ombrotrophic peatland; no drainage or fire documented; active 2015–2020,Milyukova et al.; FLUXNET Russia; AmeriFlux: https://ameriflux.lbl.gov/sites/siteinfo/RU-Fy4,batch3_ES_FI_FR_GL_IL_IT_JP_KR_NL_RU.md,No,None documented,Unknown,
RU-Fyo,ENF,56.4615,32.9221,"Boreal Norway spruce forest (Picea abies); Fyodorovskoye, Tver Oblast, Russia",None documented,,,The primary Fyodorovskoye boreal spruce tower; one of the longest-running Russian flux sites (since 1998); old-growth-like boreal spruce on typical central-Russian upland; no fire or logging documented at tower scale; some windthrow gaps historically; active 1998–2024,Milyukova et al. (2003) Tellus; Vygodskaya et al.; FLUXNET Russia; AmeriFlux: https://ameriflux.lbl.gov/sites/siteinfo/RU-Fyo,batch3_ES_FI_FR_GL_IL_IT_JP_KR_NL_RU.md,No,None documented,Unknown,
SE-Deg,WET,64.18,19.55,"Oligotrophic boreal mire (Sphagnum-dominated); interconnected bog/fen complex with glacial till ridges; Degero, N Sweden ~70 km W of Gulf of Bothnia",None documented,,,"Scientific measurements since 1909; eddy covariance since 1995; ICOS station since 2013. Pristine boreal mire, no drainage, fire, or cutting disturbance. Part of boreal mire complex methane flux network.",ICOS SE-Deg; Degerö ICOS Sweden,batch4_SE_UK_US-B_to_US-N.md,No,None documented,Unknown,
SE-HfM,WET,~64,~19,Swedish boreal peatland/mire (fen or bog),None documented,,,Limited documentation. WET IGBP. Likely part of the Vindeln/Svartberget research catchment area mire network in N Sweden. No disturbance records found.,ICOS Sweden network,batch4_SE_UK_US-B_to_US-N.md,No,None documented,Unknown,
SE-Hmr,WET,~64,~19,Swedish boreal peatland/mire,None documented,,,Limited documentation. WET IGBP. Part of N Sweden boreal mire network. No disturbance records found.,ICOS Sweden network,batch4_SE_UK_US-B_to_US-N.md,No,None documented,Unknown,
SE-Htm,ENF,56.10,13.42,Managed Norway spruce (Picea abies) plantation (>97% spruce); southern Sweden; maritime temperate climate,None documented at stand level,,,"Hyltemossa ICOS station, southern Sweden. Managed monoculture Norway spruce. Bark beetle research study conducted here in summer 2019 (measuring BVOC emissions from infested trees), but this was a study — the site itself does not have a documented large-scale outbreak or logging event. Regular forestry management expected but no stand-replacing event documented.",ICOS SE-Htm; Biogeosciences 2023 bark beetle study,batch4_SE_UK_US-B_to_US-N.md,Yes,Other/Unknown,Unknown,
SE-Nor,ENF,60.09,17.48,Norway spruce / Scots pine boreal forest; 100–130-yr-old stand; southern boreal zone ~30 km N of Uppsala,Clear-cut (stand-replacing),Autumn 2022,"Stand-replacing: 30.5 ha (~14,000 trees) removed; understory also cleared","Norunda ICOS station, established 1994. A major clear-cut removed all 100–130-yr Norway spruce and Scots pine in a 300 m radius of the main tower in autumn 2022. Site replanted with Scots pine (~2,500 plants/ha) in spring 2024. Pre-logging data: 1994–2022; post-clear-cut data ongoing.",ICOS Sweden Norunda,batch4_SE_UK_US-B_to_US-N.md,Yes,Forest management/Harvest,Stand-replacing,2022
SE-Ros,ENF,64.16,19.75,"Managed boreal Norway spruce / Scots pine forest; Rosinedal, N Sweden; Vindeln area",None documented,,,"ICOS Sweden site; part of Svartberget Experimental Forest area, Vindeln. Managed boreal forest; no specific stand-replacing disturbance documented. ICOS Level 2 data available 2014–2018.",ICOS SE-Ros,batch4_SE_UK_US-B_to_US-N.md,No,None documented,Unknown,
SE-Srj,WET,~64,~19,Swedish boreal peatland/mire,None documented,,,Limited documentation. WET IGBP. N Sweden boreal mire area. No disturbance records found.,ICOS Sweden network,batch4_SE_UK_US-B_to_US-N.md,No,None documented,Unknown,
SE-Svb,ENF,64.25,19.77,"Boreal mixed Norway spruce / Scots pine forest; Svartberget Experimental Forest, NW of Umeå, N Sweden",None documented at tower stand,,,"Research station since 1923; ICOS Class 2 station since 2011. Experimental forest with research clear-cuts and thinning plots elsewhere on the 1,076 ha property, but the main flux tower footprint has not experienced documented stand-replacing disturbance. Fire research conducted at nearby sites.",ICOS SE-Svb; ICOS Sweden,batch4_SE_UK_US-B_to_US-N.md,Yes,Other/Unknown,Unknown,
UK-AMo,WET,55.79,−3.24,"Ombrotrophic peatland (Auchencorth Moss); ~17 km SW of Edinburgh, Scotland",Drainage (historical) + progressive natural rewetting,>100 yr ago (drainage); rewetting ongoing,Partial: drainage reduced peat water table; now progressively rewetting as drains become ineffective,"Peatland drained >100 years ago; field drains progressively blocked/vegetated over time leading to slow rewetting of the site. Seasonal sheep grazing (low intensity, ongoing). Peat extraction in peripheral areas. Flux measurements since 1994/1995; ICOS ecosystem station since 2017. No modern fire or logging.",ICOS UK-AMo; Auchencorth Moss ICOS,batch4_SE_UK_US-B_to_US-N.md,Yes,Hydrology/Restoration,Partial,
US-Bar,DBF,44.06,−71.29,Northern hardwood forest; Bartlett NH; sugar maple/beech/yellow birch,None documented (recent),,,"White Mountain National Forest site. No major fire, logging, or insect outbreak documented at tower site.",AmeriFlux US-Bar,batch4_SE_UK_US-B_to_US-N.md,Yes,Other/Unknown,Unknown,
US-BZB,WET,64.70,−148.32,"Thermokarst collapse scar boreal bog; Bonanza Creek, Tanana Lowlands, interior Alaska; ~1 m peat; intermediate-to-old age",Permafrost thaw (ongoing),Ongoing,"Low–moderate; thermokarst collapse feature, peat development; not acute stand-replacing event",Measures C/H2O/CH4 fluxes across permafrost thaw gradient. Site 2011–present.,AmeriFlux US-BZB,batch4_SE_UK_US-B_to_US-N.md,Yes,Permafrost/Geomorphic,Stand-replacing,
US-BZo,WET,64.70,−148.32,"Old thermokarst collapse scar boreal bog; Bonanza Creek, interior Alaska; several hundred years old",Permafrost thaw (historical),Several hundred years ago,Historical stand-replacing thermokarst; now stable bog,Older thermokarst feature than US-BZB. Site 2018–present.,AmeriFlux US-BZo,batch4_SE_UK_US-B_to_US-N.md,Yes,Permafrost/Geomorphic,Stand-replacing,
US-CdM,WSA,37.52,−109.75,"Woody savanna; Bears Ears National Monument, Cedar Mesa, Utah; pinyon-juniper woodland",Grazing (occasional),Ongoing (spring),Low; occasional spring cattle grazing,Semiarid steppe; drought responses monitored. Site 2019–present.,AmeriFlux US-CdM,batch4_SE_UK_US-B_to_US-N.md,Yes,Grazing,Low,
US-CMW,DBF,31.66,−110.14,"Riparian mesquite (Prosopis velutina) woodland; San Pedro River, SE Arizona; 60% canopy cover, groundwater-dependent",None documented,,,Riparian DBF sustained by alluvial aquifer; evapotranspiration significantly exceeds precipitation. Site 2000–2021.,AmeriFlux US-CMW,batch4_SE_UK_US-B_to_US-N.md,No,None documented,Unknown,
US-CRK,ENF,~43,~−122,Sparse canopy ENF; likely Oregon/Pacific NW (forest_mean≈0 at all buffer sizes),Unknown — sparse canopy,,,**Still excluded from RF benchmark** (mortality_intensity_pct all NA; forest_mean≈0). Very sparse or patchy canopy; DBF/ENF classification may not reflect current canopy conditions.,Project metadata,batch4_SE_UK_US-B_to_US-N.md,Yes,Other/Unknown,Unknown,
US-CS2,ENF,43.95,−121.66,Evergreen needleleaf forest; Central Oregon,None documented,,,No disturbance info on AmeriFlux page or via search.,AmeriFlux US-CS2,batch4_SE_UK_US-B_to_US-N.md,No,None documented,Unknown,
US-Dmg,WET,38.11,−121.77,"Restored tidal freshwater wetland; Gilbert Tract, Sacramento-San Joaquin Delta, CA",Tidal restoration,2018–2021,Stand-replacing (wetland): prior upland/agriculture converted to tidal wetland,DWR restoration project. Tidal action restored October 2021; flux tower data from 2021–present. Pre-restoration was non-tidal.,AmeriFlux US-Dmg,batch4_SE_UK_US-B_to_US-N.md,Yes,Hydrology/Restoration,Stand-replacing,2018
US-EDN,WET,37.52,−122.03,"Restored tidal salt pond wetland; Eden Landing Ecological Reserve, San Francisco Bay; 6,400 acres diked marsh + 10-yr-old restored salt ponds",Tidal restoration,~2010–2018,Stand-replacing (wetland): former salt production ponds converted to tidal marsh; restoration ongoing,CA Dept. of Fish & Wildlife site. Salt ponds restored to tidal marsh over ~10 years; flux measurements 2018–present.,AmeriFlux US-EDN,batch4_SE_UK_US-B_to_US-N.md,Yes,Hydrology/Restoration,Stand-replacing,2010
US-Elm,WET,25.55,−80.78,"Ridge and slough marsh; Everglades, Florida; permanent wetland",None documented,,,Everglades peat/marl forming wetland; no disturbance on record. Site 2007–present.,AmeriFlux US-Elm,batch4_SE_UK_US-B_to_US-N.md,No,None documented,Unknown,
US-EML,OSH,63.88,−149.25,"Shrub tundra with permafrost thaw; Healy, Alaska; permafrost degrading",Permafrost thaw (ongoing),2008–present,Partial: progressive thermokarst/permafrost degradation; shifting vegetation,Arctic permafrost-thaw gradient site. Site 2008–present.,AmeriFlux US-EML,batch4_SE_UK_US-B_to_US-N.md,Yes,Permafrost/Geomorphic,Partial,2008
US-GLE,ENF,41.37,−106.24,"Subalpine spruce-fir forest; GLEES, Wyoming; trees >400 yr old",Bark beetle outbreak (stand-replacing),~2002–2010 (peak 2008),Stand-replacing: ~85% of forested basal area killed; overstory mortality,Engelmann spruce/subalpine fir. Decade-long beetle outbreak culminating ~2008; 85% basal area mortality. Historical grazing (closed early 1990s).,AmeriFlux US-GLE,batch4_SE_UK_US-B_to_US-N.md,Yes,Biotic outbreak,Stand-replacing,2002
US-HB1,WET,33.34,−79.20,"Tidal salt marsh; North Inlet, Crab Haul Creek, SC; ~40% tall Spartina, 40% short Spartina, 20% creek",None documented,,,Pristine tidal marsh. Site 2017–present.,AmeriFlux US-HB1,batch4_SE_UK_US-B_to_US-N.md,No,None documented,Unknown,
US-HB2,ENF,33.32,−79.22,"Mature longleaf pine (Pinus palustris) forest; Hobcaw Barony, SC",Prescribed fire (recurrent management),Ongoing (~every few years),Low: periodic prescribed burning to maintain longleaf ecosystem structure,Research focus is role of fire in longleaf pine C/water cycling. Site 2018–present.,AmeriFlux US-HB2,batch4_SE_UK_US-B_to_US-N.md,Yes,Fire,Low,
US-HB3,ENF,33.32,−79.22,"Young longleaf pine restoration plantation; Hobcaw Barony, SC",Clearcut + herbicide + replanting (stand-replacing),Pre-2019,"Stand-replacing: original mixed forest clearcut, herbicided, replanted with containerized longleaf pine seedlings",Longleaf pine restoration project; site monitors C/water balance during restoration. Data 2019–present.,AmeriFlux US-HB3,batch4_SE_UK_US-B_to_US-N.md,Yes,Forest management/Harvest,Stand-replacing,2019
US-HB4,WET,33.20,−79.30,"Impounded brackish wetland; Minim Creek, SC; historic rice field adjacent to tidal creek; managed for waterfowl",Management (water level control),Ongoing,Partial: water levels managed for habitat; rice-field origin,Historic rice field converted to managed waterfowl impoundment. Site 2020–present.,AmeriFlux US-HB4,batch4_SE_UK_US-B_to_US-N.md,Yes,Other/Unknown,Partial,
US-HBK,DBF,45.16,−84.71,"Mixed DBF; Pellston, Michigan; northern mixed hardwoods",None documented,,,No disturbance on record.,AmeriFlux US-HBK,batch4_SE_UK_US-B_to_US-N.md,No,None documented,Unknown,
US-Hsm,WET,38.07,−121.90,"Tidal marsh; Hill Slough, Sacramento-San Joaquin Delta, CA; pickleweed and wetland vegetation",Tidal restoration (levee breach),Fall 2021,Stand-replacing (wetland): 649 acres breached; converted from diked marsh to active tidal marsh,Ducks Unlimited restoration. Water now 0.5–1 m above soil at high tide. Site monitoring since 2021.,AmeriFlux US-Hsm,batch4_SE_UK_US-B_to_US-N.md,Yes,Hydrology/Restoration,Stand-replacing,2021
US-ICh,OSH,68.61,−149.49,"Arctic tundra heath shrubland; Imnavait Creek, Kuparuk Basin, AK",None documented,,,Arctic OSH; Ridge Station established 2007. Part of Arctic Observatory Networks.,AmeriFlux US-ICh,batch4_SE_UK_US-B_to_US-N.md,No,None documented,Unknown,
US-ICs,WET,68.61,−149.41,"Arctic wet sedge tundra fen; Imnavait Creek, AK",None documented,,,Fen station established 2007. Parallel water track hydrology typical of arctic hillslopes.,AmeriFlux US-ICs,batch4_SE_UK_US-B_to_US-N.md,No,None documented,Unknown,
US-ICt,OSH,68.61,−149.49,"Arctic tundra (companion to US-ICh); Imnavait Creek, AK",None documented,,,Established 2007 as part of AON/SEARCH program.,AmeriFlux US-ICt,batch4_SE_UK_US-B_to_US-N.md,No,None documented,Unknown,
US-Jo1,OSH,32.59,−106.63,"Chihuahuan Desert shrubland (creosote + honey mesquite); Jornada Experimental Range, NM",Overgrazing (historical stand-replacing transition),~Late 1800s,Stand-replacing: grassland converted to shrubland by overgrazing + shrub encroachment,Jornada Range Reserve est. 1912 to investigate grazing-induced degradation. Now creosote-mesquite desert shrub; occasional herbivore visits but no current overgrazing. Site 2010–present.,AmeriFlux US-Jo1,batch4_SE_UK_US-B_to_US-N.md,Yes,Grazing,Stand-replacing,
US-KPL,WET,60.54,−150.51,"Boreal fen; Lily Lake, Kenai Peninsula, AK",None documented,,,Subarctic fen. Data 2021–present.,AmeriFlux US-KPL,batch4_SE_UK_US-B_to_US-N.md,No,None documented,Unknown,
US-MBP,WET,47.51,−93.49,"Boreal fen; Marcell Experimental Forest, Minnesota",None documented,,,EC tower since 2007; CH4 since 2009. No drainage or disturbance documented.,AmeriFlux US-MBP,batch4_SE_UK_US-B_to_US-N.md,No,None documented,Unknown,
US-Me6,ENF,44.64,−121.56,"Ponderosa pine plantation; Metolius, Oregon; post-fire managed stand",Wildfire 1979 → salvage logging → replanting (stand-replacing),1979 (fire); ~1980 (salvage); 1990 (reforestation),"Stand-replacing: entire original forest killed by fire, salvage logged, replanted 1990",Metolius cluster site examining successional stages. Data 2010–present.,AmeriFlux US-Me6,batch4_SE_UK_US-B_to_US-N.md,Yes,Fire,Stand-replacing,1979
US-MOz,DBF,38.74,−92.20,"Deciduous broadleaf forest (oak-hickory); Ozark, Missouri",Drought-related tree mortality (partial),Recurrent droughts,"Partial; episodic mortality, no stand-replacing event","Documented drought-related tree mortality at site. DBF, long-term monitoring.",AmeriFlux US-MOz,batch4_SE_UK_US-B_to_US-N.md,Yes,Drought/Climate,Stand-replacing,
US-Mpj,WSA,34.44,−106.24,"Pinyon-juniper woodland; Mountainair, NM; ~60% tree cover (Pinus edulis + Juniperus monosperma)",Drought + bark beetle (Pinon ips) outbreak (partial–significant),2011–2015,Partial–significant: piñon pine mortality July 2013 continuing through 2015; juniper unaffected,Combined drought (2011–2013) and Pinon ips bark beetle drove piñon die-off. Site well-documented for EFP changes post-mortality.,AmeriFlux US-Mpj,batch4_SE_UK_US-B_to_US-N.md,Yes,Drought/Climate,Partial,2011
US-MtB,ENF,32.42,−110.73,"Mixed evergreen conifer forest; Mt Bigelow, Catalina Mts, AZ; secondary forest",Stand replacement (historical),~1930s (secondary regrowth),Historical: forest re-established post-disturbance ~1930s; no recent event,Secondary forest growing since ~1930s. 30-m tower installed 2002; data 2009–present.,AmeriFlux US-MtB,batch4_SE_UK_US-B_to_US-N.md,Yes,Other/Unknown,Historical/Legacy,1930
US-Myb,WET,38.05,−121.76,"Restored tidal freshwater wetland; Mayberry, Sacramento-San Joaquin Delta, CA; cattail/tule dominant",Wetland restoration (stand-replacing: prior pepperweed grassland),Summer 2010,Stand-replacing: prior upland (pepperweed + grassland) converted to 300-acre wetland by flooding,DWR/Ducks Unlimited project. Tower installed October 2010. Tidal flooding since 2010.,AmeriFlux US-Myb,batch4_SE_UK_US-B_to_US-N.md,Yes,Other/Unknown,Stand-replacing,2010
US-NC2,ENF,35.80,−76.67,"Loblolly pine (Pinus taeda) plantation; Dismal Swamp, NC; coastal plain",Drought + thinning (partial),2007 (drought/thinning); Oct 2009 (thinning),Partial: drought-induced stress + commercial thinning to reduce competition,Managed plantation; thinning operations 2007 and 2009. Site 2005–present.,AmeriFlux US-NC2,batch4_SE_UK_US-B_to_US-N.md,Yes,Drought/Climate,Partial,2007
US-NC3,ENF,35.79,−76.67,Loblolly pine plantation; companion to US-NC2; post-harvest regeneration,Clear-cut + replanting (stand-replacing),Spring 2012 (harvest); winter 2012/13 (replant),Stand-replacing: complete harvest followed by replanting,Site documented post-harvest carbon dynamics. Data 2005–present.,AmeriFlux US-NC3,batch4_SE_UK_US-B_to_US-N.md,Yes,Forest management/Harvest,Stand-replacing,2012
US-Prr,ENF,65.12,−147.49,"Black spruce (Picea mariana) boreal forest; Poker Flat Research Range, Fairbanks, AK",None documented,,,Subarctic ENF; data 2010–present. No disturbance documented.,AmeriFlux US-Prr,batch5_US-P_to_ZA.md,No,None documented,Unknown,
US-Rls,CSH,43.14,−116.73,"Low sagebrush (Artemisia arbuscula) closed shrubland; Reynolds Creek Experimental Watershed, ID; BLM managed",None documented,,,Semiarid rangeland. Data 2014–present.,AmeriFlux US-Rls,batch5_US-P_to_ZA.md,No,None documented,Unknown,
US-Rms,CSH,43.15,−116.72,"Mountain big sagebrush (Artemisia tridentata) closed shrubland; Reynolds Creek, ID; BLM managed",None documented,,,Companion site to US-Rls. Data 2014–present.,AmeriFlux US-Rms,batch5_US-P_to_ZA.md,No,None documented,Unknown,
US-Rpf,DBF,65.12,−147.43,"Early-successional deciduous broadleaf forest; post-fire Alaskan interior; Poker Flat, Fairbanks, AK",Wildfire (stand-replacing),Pre-2008 (data start 2008),"Stand-replacing: black spruce forest burned, replaced by successional deciduous broadleaf vegetation",Site established 2008 specifically to monitor post-fire forest recovery dynamics in Alaskan boreal. DBF classification reflects deciduous early-successional vegetation (birch/alder) post-fire.,AmeriFlux US-Rpf,batch5_US-P_to_ZA.md,Yes,Fire,Stand-replacing,2008
US-Rwf,CSH,43.04,−116.44,"Mountain big sagebrush shrubland; Reynolds Creek watershed, ID",Prescribed fire (partial),2007,"Partial: low-intensity prescribed burn; sagebrush reduced, recovery ongoing at time of measurement",Research examines post-fire sagebrush shrubland recovery dynamics. Data 2014–present (7 yr post-fire).,AmeriFlux US-Rwf,batch5_US-P_to_ZA.md,Yes,Fire,Partial,2007
US-Rws,OSH,43.18,−116.92,"Wyoming big sagebrush (Artemisia tridentata wyomingensis) open shrubland; Reynolds Creek, ID",None documented,,,BLM managed shrubland. Data 2012–present.,AmeriFlux US-Rws,batch5_US-P_to_ZA.md,No,None documented,Unknown,
US-Ses,OSH,34.33,−106.74,"Chihuahuan Desert shrubland (Larrea/creosote + perennial C4 grasses); Sevilleta NWR, NM",Historical grazing (ended 1973),Pre-1973,"Partial (remote): prior livestock grazing; grazing ended 1973, effects now considered negligible","No modern disturbance. Sevilleta NWR, McKenzie Flats ungrazed since 1973. Data 2007–present.",AmeriFlux US-Ses,batch5_US-P_to_ZA.md,Yes,Grazing,Partial,1973
US-SHC,ENF,39.33,−120.29,"Evergreen needleleaf forest; Sagehen Creek, Sierra Nevada, CA",None documented,,,No disturbance info on AmeriFlux page.,AmeriFlux US-SHC,batch5_US-P_to_ZA.md,No,None documented,Unknown,
US-SP1,ENF,29.74,−82.24,"Naturally regenerated Florida longleaf / slash pine flatwoods; Alachua County, FL",None documented,,,Naturally regenerated pine flatwoods. No disturbance documented.,AmeriFlux US-SP1,batch5_US-P_to_ZA.md,No,None documented,Unknown,
US-SRM,WSA,31.82,−110.87,"Velvet mesquite (Prosopis velutina) woody savanna; Santa Rita, Arizona",Woody encroachment (ongoing),~Since 1800s (ongoing),Partial–gradual: mesquite invasion of former semidesert grassland,Primary research focus is how mesquite encroachment alters C/water cycling. No fire or logging. Data 2004–present.,AmeriFlux US-SRM,batch5_US-P_to_ZA.md,Yes,Other/Unknown,Partial,
US-StJ,WET,39.09,−75.44,"Tidal salt marsh; St Jones Reserve, Delaware NERR",Historical alteration + management restoration (planned),Ongoing,"Partial: long-term management notes ""restoring natural vegetation"" as goal",Delaware National Estuarine Research Reserve. Data 2015–2020.,AmeriFlux US-StJ,batch5_US-P_to_ZA.md,Yes,Other/Unknown,Partial,
US-TKs,CSH,68.63,−149.58,"Arctic shrub tundra; Toolik Field Station, AK; closed shrublands",Snow fence manipulation experiment,2018–present,Low–artificial: experimental snow addition/redistribution alters snow depth; not stand-replacing,Research on snow-shrub feedbacks in Arctic tundra. Data 2018–present.,AmeriFlux US-TKs,batch5_US-P_to_ZA.md,Yes,Other/Unknown,Stand-replacing,2018
US-Ton,WSA,38.43,−120.97,"Blue oak savanna (Quercus douglasii); Tonzi Ranch, Sierra Nevada foothills, CA",None documented,,,Oak savanna; data 2001–present. No disturbance documented.,AmeriFlux US-Ton,batch5_US-P_to_ZA.md,No,None documented,Unknown,
US-Tw1,WET,38.10,−121.65,"Restored freshwater wetland (cattail/tule); Twitchell Island West Pond, Sacramento Delta, CA",Hydrological restoration (permanent flooding),Fall 1997,Stand-replacing (wetland): prior upland permanently flooded to ~25 cm depth,"Managed restoration: tower installed 2012, 15 yr post-restoration; cattail/tule established within 3 growing seasons.",AmeriFlux US-Tw1,batch5_US-P_to_ZA.md,Yes,Hydrology/Restoration,Stand-replacing,1997
US-Tw4,WET,38.10,−121.64,"Restored freshwater wetland (cattail/tule); Twitchell East End, Sacramento Delta, CA",Land use conversion + tidal restoration,Jan 2014,Stand-replacing: prior cornfield flooded; wetland plants introduced,Former cornfield; Sacramento-San Joaquin Delta drainage history (since 1850s). Tower installed Nov 2013; flooding commenced Jan 2014.,AmeriFlux US-Tw4,batch5_US-P_to_ZA.md,Yes,Hydrology/Restoration,Stand-replacing,2014
US-UMd,DBF,45.56,−84.70,"Mixed deciduous broadleaf forest (aspen/birch/maple); UMBS, Michigan","FASET experiment (partial, experimental girdling)",2008,Partial: ~35% LAI removed by girdling of aspen/birch; accelerated succession,FASET (Forest Accelerated Succession ExperimenT) girdled trembling aspen and paper birch to simulate successional transition and study effects on C/water fluxes. Tower site within girdled area.,AmeriFlux US-UMd,batch5_US-P_to_ZA.md,Yes,Other/Unknown,Partial,2008
US-Vcm,ENF,35.88,−106.53,"Ponderosa pine / mixed conifer subalpine forest; Valles Caldera NM, Jemez Mtns, NM",Stand-replacing wildfire,May 2013,Stand-replacing: every single tree killed; surface organic matter burned off,Major wildfire May 2013 killed 100% of trees; subsequent research used rapid-response tower at nearby unburned site. Data gap May 2013–Jan 2014 during infrastructure restoration. Data 2007–present (with gap).,AmeriFlux US-Vcm,batch5_US-P_to_ZA.md,Yes,Fire,Stand-replacing,2013
US-Vcp,ENF,35.86,−106.60,"Ponderosa pine (Pinus ponderosa) forest with Gambel oak understory; Valles Caldera NM, Jemez Mtns, NM",None documented (recent),,,"Semiarid ponderosa pine at 2,501 m. Research focus on water/carbon sensitivity to drought/precipitation. Data 2007–present.",AmeriFlux US-Vcp,batch5_US-P_to_ZA.md,Yes,Other/Unknown,Unknown,
US-Wjs,SAV,34.43,−105.86,"Juniper (J. monosperma) savanna with C4 perennial grasses; Willard, central NM",Grazing (intermittent),Ongoing,Low: intermittent livestock grazing,Semiarid savanna; primary driver is precipitation variability. Data 2007–present.,AmeriFlux US-Wjs,batch5_US-P_to_ZA.md,Yes,Grazing,Low,
US-xAB,ENF,45.76,−122.33,"Young industrial timber production ENF; Yacolt Burn State Forest, SW Washington; ~40 yr old second-growth","Historical stand-replacing fire (""Yacolt Burn"") + industrial logging",~1902 (Yacolt fire); ongoing management,Stand-replacing (historical): 1902 Yacolt Burn destroyed original forest; now managed industrial forest,"Named for 1902 Yacolt Burn (~238,000 acres). Now replanted timber production forest. Typical rotation management expected. Data 2017–present.",AmeriFlux US-xAB,batch5_US-P_to_ZA.md,Yes,Fire,Stand-replacing,1902
US-xBL,DBF,39.06,−78.07,"Deciduous broadleaf forest; Blandy Experimental Farm, Boyce, VA; mixed use rural-suburban landscape",None documented,,,NEON site in rapidly urbanizing megapolitan area. Data 2016–present.,AmeriFlux US-xBL,batch5_US-P_to_ZA.md,No,None documented,Unknown,
US-xBN,ENF,65.15,−147.50,"Black spruce boreal ENF; Caribou Creek–Poker Flats Watershed, AK; Fairbanks area",None documented,,,NEON Boreal Alaska site. Data 2017–present.,AmeriFlux US-xBN,batch5_US-P_to_ZA.md,No,None documented,Unknown,
US-xBR,DBF,44.06,−71.29,"Northern hardwood deciduous forest; Bartlett Experimental Forest, NH",Multiple historical disturbances (logging + fire + disease + storms),1880s–1900s (logging/fire); 1940s (beech bark disease); 1938 + 1954 (hurricanes); 1998 (ice storm),Historical: ~70% uncut since early 1900s; 30% managed; beech bark disease partial; ice storm partial,Historical logging from colonial times through early 1900s. Late 19th c. fire. Beech bark disease from 1940s. Hurricane wind damage 1938 and 1954. Ice storm 1998. Now old secondary forest. NEON site. Data 2016–present.,AmeriFlux US-xBR,batch5_US-P_to_ZA.md,Yes,Fire,Partial,1900
US-xDJ,ENF,63.88,−145.75,"Black spruce boreal ENF; Delta Junction, AK; interior Alaskan boreal",None documented,,,NEON Boreal Alaska site. Data 2017–present.,AmeriFlux US-xDJ,batch5_US-P_to_ZA.md,No,None documented,Unknown,
US-xDL,MF,32.54,−87.80,"Mixed forest (bottomland hardwood + evergreen); Dead Lake, near Demopolis, AL; Black Warrior River floodplain",None documented,,,NEON site. Data 2017–present.,AmeriFlux US-xDL,batch5_US-P_to_ZA.md,No,None documented,Unknown,
US-xGR,DBF,35.69,−83.50,"Deciduous broadleaf forest; Great Smoky Mountains NP, TN/NC",None documented (recent),,,**Still excluded from RF benchmark** (forest_mean=0 despite DBF label; suggests sparse/open canopy or model misclassification). NEON site. Data 2017–present.,AmeriFlux US-xGR,batch5_US-P_to_ZA.md,Yes,Other/Unknown,Unknown,
US-xHE,OSH,63.88,−149.21,"Arctic/subarctic shrub tundra; Healy, AK",None documented,,,NEON Healy site. Data 2017–present.,AmeriFlux US-xHE,batch5_US-P_to_ZA.md,No,None documented,Unknown,
US-xJE,ENF,31.20,−84.47,"Longleaf pine forest; Jones Ecological Research Center, Newton, GA",Prescribed fire (recurrent management),Every 3–4 years for 75 years,Low: dormant-season prescribed fires; natural longleaf ecosystem management,Managed with low-intensity prescribed burns for conservation of longleaf pine ecosystem. No stand-replacing event. NEON site. Data 2017–present.,AmeriFlux US-xJE,batch5_US-P_to_ZA.md,Yes,Fire,Low,
US-xJR,OSH,32.59,−106.84,"Chihuahuan Desert open shrubland; Jornada LTER, NM; creosote/mesquite shrubland",Overgrazing (historical),~Late 1800s,Partial: historical grassland degraded to shrubland by livestock grazing since 1800s; current grazing minimal,Historical overgrazing drove grassland→shrubland transition. Jornada Range Reserve research since 1912. NEON site. Data 2017–present.,AmeriFlux US-xJR,batch5_US-P_to_ZA.md,Yes,Grazing,Partial,
US-xMB,OSH,38.25,−109.39,"Colorado Plateau open shrubland; Moab, Utah; two zones: grazed shrubland (W) + eastern mesas with evergreen forest",Grazing (ongoing),Ongoing,Low: active livestock grazing in western half,NEON site. Dust transport research. Data 2017–present.,AmeriFlux US-xMB,batch5_US-P_to_ZA.md,Yes,Grazing,Low,
US-xML,DBF,37.38,−80.52,"Appalachian deciduous broadleaf forest; Mountain Lake Biological Station, Giles Co., VA; 1,160 m elevation",None documented,,,NEON site; University of Virginia. Data 2017–present.,AmeriFlux US-xML,batch5_US-P_to_ZA.md,No,None documented,Unknown,
US-xNW,ENF,40.03,−105.54,"Subalpine conifer forest (Engelmann spruce/subalpine fir); Niwot Ridge NEON, CO; 3,513 m elevation",None documented,,,NEON alpine site. Air pollution research. Data 2017–present.,AmeriFlux US-xNW,batch5_US-P_to_ZA.md,No,None documented,Unknown,
US-xRM,ENF,40.28,−105.55,"Subalpine ENF; Rocky Mountain National Park, CO; mid-elevation east side Continental Divide",None documented,,,NEON Rocky Mountain NP site. Chemical pollution/dust deposition research. Data 2017–present.,AmeriFlux US-xRM,batch5_US-P_to_ZA.md,No,None documented,Unknown,
US-xRN,DBF,35.96,−84.29,"Deciduous broadleaf forest; Walker Branch Watershed, Oak Ridge NL, TN",None documented,,,NEON site in long-term research watershed. Data 2017–present.,AmeriFlux US-xRN,batch5_US-P_to_ZA.md,No,None documented,Unknown,
US-xSB,ENF,29.69,−82.02,"Florida longleaf pine flatwoods; Ordway-Swisher Biological Station, FL; open ENF structure",Prescribed fire (recurrent management),Every 3–4 years (ongoing),Low–moderate: prescribed burns maintain open longleaf pine ecosystem; not stand-replacing,"9,300-acre station managed with 3–4-yr fire cycle. NEON site. Data 2016–present.",AmeriFlux US-xSB,batch5_US-P_to_ZA.md,Yes,Fire,Stand-replacing,
US-xSC,DBF,38.89,−78.14,"Mixed deciduous broadleaf forest (oak/hickory/ash); Smithsonian Conservation Biology Institute, VA",None documented,,,NEON SCBI site. Data 2016–present.,AmeriFlux US-xSC,batch5_US-P_to_ZA.md,No,None documented,Unknown,
US-xSE,DBF,38.89,−76.56,"Deciduous broadleaf forest; Smithsonian Environmental Research Center, Edgewater, MD; Chesapeake Bay region",None documented,,,NEON SERC site. Data 2016–present.,AmeriFlux US-xSE,batch5_US-P_to_ZA.md,No,None documented,Unknown,
US-xSJ,SAV,37.11,−119.73,"Sierra Nevada foothills savanna/open woodland; mix of open woodland, shrubs, grassland; CA",Grazing (ongoing),Ongoing,Low: low-density cattle grazing,"NEON site, Sierra Nevada. Data 2018–present.",AmeriFlux US-xSJ,batch5_US-P_to_ZA.md,Yes,Grazing,Low,
US-xSR,OSH,31.91,−110.84,"Sonoran Desert open shrubland; Santa Rita Experimental Range, Tucson, AZ; 21,000 ha; Prosopis/Larrea/Acacia","Grazing (ongoing, year-round)",1903–present,Low: year-round cattle grazing at varying densities across pastures,Oldest continuously active rangeland research facility in the US (est. 1903). Year-round grazing maintained as management. NEON site. Data 2017–present.,AmeriFlux US-xSR,batch5_US-P_to_ZA.md,Yes,Grazing,Low,1903
US-xST,DBF,45.51,−89.59,"Deciduous broadleaf forest; Treehaven/UWSP, Tomahawk, WI",None documented,,,NEON site. Data 2017–present.,AmeriFlux US-xST,batch5_US-P_to_ZA.md,No,None documented,Unknown,
US-xTL,WET,68.66,−149.37,"Arctic tundra (wet sedge/peat) wetlands; Toolik Field Station, AK; continuous permafrost",None documented,,,NEON Toolik site; collocated with aquatic research station. Data 2017–present.,AmeriFlux US-xTL,batch5_US-P_to_ZA.md,No,None documented,Unknown,
US-xTR,DBF,45.49,−89.59,"Deciduous broadleaf forest; Treehaven/UWSP, near Rhinelander, WI; 1,400 acres",None documented,,,NEON site. Data 2017–present.,AmeriFlux US-xTR,batch5_US-P_to_ZA.md,No,None documented,Unknown,
US-xUK,DBF,39.04,−95.19,"Mixed hardwood forest (white ash dominant); KU Field Station, NE Kansas; forest-tallgrass prairie ecotone",None documented,,,NEON UKFS site. Data 2017–present.,AmeriFlux US-xUK,batch5_US-P_to_ZA.md,No,None documented,Unknown,
US-xUN,MF,46.23,−89.54,"Mixed forest (aspen, birch, maple, conifers); Notre Dame Environmental Research Center, WI/MI UP",Historical logging (stand-replacing),~Late 1800s–1950s,Stand-replacing: region-wide logging for pine in late 1800s–early 1900s led to clear-cutting; timber harvesting continued into 1950s,Successional regrowth forest since ~1950s; minimally managed since 1970s for research access. NEON site. Data 2017–present.,AmeriFlux US-xUN,batch5_US-P_to_ZA.md,Yes,Forest management/Harvest,Stand-replacing,1950
US-xWR,ENF,45.82,−121.95,"Old-growth Douglas-fir / western hemlock forest; Wind River Experimental Forest, WA; Pacific NW west of Cascades",None documented,,,Old-growth (unmanaged) site. NEON site. Data 2018–present.,AmeriFlux US-xWR,batch5_US-P_to_ZA.md,No,None documented,Unknown,
US-xYE,ENF,44.95,−110.51,"Ponderosa pine / mixed conifer mosaic with open grassland/sage patches; Yellowstone NP, northern range",None documented,,,NEON Yellowstone NP site. Bear management area (seasonal closure March–June). Data 2018–present.,AmeriFlux US-xYE,batch5_US-P_to_ZA.md,No,None documented,Unknown,
US-YK2,WET,~66,−162,Wetland tundra/peatland; Alaska; forest_mean = 0 across all years and buffers,Unknown (treeless wetland/tundra),,,**Still excluded from RF benchmark** (mortality_intensity_pct all NA; forest_mean=0 at all buffers). Treeless WET site; disturbance variable inapplicable.,Project metadata,batch5_US-P_to_ZA.md,Yes,Other/Unknown,Unknown,
ZA-BfK,OSH,~31,~19,Semi-arid South African open shrubland (likely Succulent Karoo or Fynbos biome); Western/Northern Cape region,Limited info — likely recurrent drought stress,,"Low: climatic stress from low, variable rainfall","South African OSH site. ""Bf"" prefix may indicate Brandvlei or Buffelskloof area in Northern/Western Cape. No specific disturbance events found in web sources. Karoo/fynbos shrublands commonly experience periodic drought and occasional fire, but no documented events at this site.",FLUXNET metadata only; no AmeriFlux page found,batch5_US-P_to_ZA.md,Yes,Drought/Climate,Low,
ZA-BfS,OSH,~31,~19,Semi-arid South African open shrubland; companion site to ZA-BfK,Limited info — likely recurrent drought stress,,Low: climatic stress,Companion OSH site in same South African region as ZA-BfK. No specific disturbance events documented in available sources.,FLUXNET metadata only; no AmeriFlux page found,batch5_US-P_to_ZA.md,Yes,Drought/Climate,Low,
